year,month,31N,32N,33N,34N,35N,36N,37N,38N,39N,40N,41N,42N,43N,44N,45N,46N,47N
1988,1,0.032,0.231,0.218,0.375,0.466,0.533,0.211,0.14,0.24,0.192,-0.164,-0.225,-0.063,-0.054,-0.016,0.104,-0.117
1988,2,0.008,0.121,0.156,0.189,0.319,0.593,0.246,0.588,0.68,0.668,0.602,0.724,0.617,0.001,0.262,0.135,0.058
1988,3,0.284,0.308,0.29,0.806,1.281,0.937,1.196,0.874,1.566,0.949,0.745,0.672,0.775,-0.205,0.196,0.161,0.152
1988,4,0.335,0.3,0.255,0.496,0.754,0.299,0.329,-0.026,0.725,0.299,0.272,0.765,0.533,-0.224,0.126,0.077,0.054
1988,5,0.563,0.575,0.587,1.101,1.472,1.089,1.097,0.857,1.554,1.134,0.618,0.62,0.534,-0.195,-0.001,0.062,0.038
1988,6,0.208,0.367,0.38,0.576,0.92,0.911,0.62,1.034,1.891,1.474,0.618,0.782,0.693,0.092,0.401,0.271,0.124
1988,7,0.238,0.258,0.156,0.296,0.779,0.666,0.493,0.566,1.455,1.508,1.075,0.965,1.44,0.551,0.779,0.484,0.332
1988,8,0.34,0.452,0.235,0.422,0.713,0.58,0.35,0.537,1.073,1.179,0.895,0.916,1.128,0.541,0.69,0.379,0.289
1988,9,0.179,0.168,0.096,0.332,0.588,0.369,0.567,0.584,1.052,1.028,0.752,0.581,0.767,0.305,0.495,0.311,0.222
1988,10,0.215,0.247,0.198,0.411,0.6,0.348,0.276,0.281,0.54,0.607,0.207,0.38,0.429,0.12,0.275,0.17,0.061
1988,11,0.526,0.286,0.277,0.615,0.737,0.484,0.239,0.349,0.497,0.344,-0.269,-0.184,-0.101,-0.412,-0.378,-0.095,-0.073
1988,12,0.438,0.121,0.155,0.359,0.57,0.348,0.457,0.433,0.902,0.872,0.692,0.798,0.778,-0.118,0.319,0.142,0.107
1989,1,-0.119,0.13,0.093,0.391,0.781,0.487,0.687,0.636,0.661,0.843,0.526,0.48,0.489,-0.123,0.19,0.263,0.08
1989,2,0.126,0.147,0.095,0.273,0.453,0.14,0.519,0.305,1.035,0.073,0.234,0.203,0.561,-0.047,0.045,0.067,0.165
1989,3,0.609,0.399,0.424,0.588,0.649,0.599,0.073,0.107,0.175,-0.334,-0.462,-0.678,-0.179,-0.305,-0.474,-0.124,-0.185
1989,4,0.392,0.431,0.211,0.482,0.663,0.442,0.407,0.331,0.654,0.356,0.381,0.437,0.518,0.034,0.21,0.243,0.135
1989,5,0.659,0.626,0.513,1.015,1.573,1.327,0.906,1.05,1.862,1.409,0.998,0.95,0.952,0.144,0.35,0.238,0.148
1989,6,0.398,0.38,0.222,0.525,0.893,0.646,0.365,0.459,1.258,1.179,0.813,0.808,0.961,0.241,0.409,0.156,0.081
1989,7,0.186,0.276,0.154,0.744,1.572,1.485,1.261,0.842,2.345,1.793,0.802,0.731,0.792,0.313,0.447,0.279,0.127
1989,8,0.276,0.296,0.228,0.474,0.734,0.497,0.377,0.798,1.262,1.261,0.9,0.803,0.86,0.463,0.533,0.359,0.234
1989,9,0.33,0.415,0.41,0.507,0.685,0.32,0.187,0.263,0.388,0.595,0.522,0.58,0.7,0.466,0.513,0.386,0.228
1989,10,0.242,0.31,0.334,0.37,0.596,0.373,0.287,0.382,0.667,0.445,0.115,-0.009,0.215,-0.047,-0.082,0.025,-0.018
1989,11,0.138,0.142,0.099,0.141,0.489,0.372,0.211,0.487,0.754,0.558,0.272,0.111,0.46,-0.018,0.066,0.101,0.075
1989,12,0.106,0.156,0.271,0.143,0.41,0.254,0.189,0.161,0.672,0.731,0.398,0.322,0.422,0.07,0.147,-0.042,-0.051
1990,1,0.047,0.307,0.411,0.388,0.632,0.412,0.445,0.394,0.588,0.534,0.072,-0.092,-0.072,-0.417,-0.396,0.038,-0.043
1990,2,-0.089,0.331,0.527,0.678,0.824,0.278,0.372,0.501,0.883,1.01,0.471,0.347,0.307,-0.164,-0.044,0.283,0.148
1990,3,0.187,0.28,0.341,0.389,0.71,0.657,0.334,0.487,1.29,0.572,0.467,0.623,0.524,0.002,0.117,0.256,0.066
1990,4,0.162,0.246,0.268,0.436,0.841,0.556,0.583,0.731,1.413,1.203,0.603,0.717,0.657,0.023,0.275,0.163,0.155
1990,5,0.498,0.449,0.409,0.549,0.722,0.393,0.405,0.607,1.57,1.256,0.83,0.47,0.941,0.024,0.227,0.126,0.067
1990,6,0.303,0.419,0.33,0.775,1.206,0.845,0.597,0.705,1.354,1.136,0.714,0.756,0.704,0.161,0.328,0.186,0.078
1990,7,0.236,0.338,0.253,0.527,0.77,0.433,0.224,0.326,0.949,1.021,0.936,1.079,1.085,0.507,0.686,0.477,0.357
1990,8,0.243,0.368,0.348,0.575,0.813,0.644,0.296,0.335,0.713,0.475,0.566,0.627,0.465,0.19,0.264,0.252,0.151
1990,9,0.158,0.283,0.286,0.496,0.798,0.572,0.491,0.486,1.093,0.782,0.524,0.556,0.529,0.291,0.375,0.326,0.26
1990,10,0.22,0.234,0.143,0.431,0.846,0.485,0.558,0.801,1.164,1.148,0.503,0.742,0.487,0.041,0.14,0.083,0.026
1990,11,0.204,0.364,0.539,0.662,0.867,0.563,0.487,0.716,1.293,1.183,0.573,0.598,0.404,-0.15,-0.01,0.003,-0.05
1990,12,0.119,0.178,0.31,0.519,0.742,0.219,0.145,0.472,1.118,0.749,0.837,0.726,0.783,-0.062,0.512,0.151,0.222
1991,1,0.139,0.144,0.109,0.168,0.46,-0.152,-0.317,0.073,0.335,-0.158,0.003,-0.21,0.19,-0.177,-0.042,0.002,-0.074
1991,2,0.021,0.282,0.389,0.348,0.285,0.245,0.284,0.238,0.369,-0.226,-0.009,-0.23,-0.183,-0.231,-0.253,-0.074,-0.158
1991,3,0.029,0.397,0.48,0.643,0.704,0.812,0.336,0.252,0.774,0.681,0.28,0.119,0.404,0.077,0.047,0.052,0.097
1991,4,0.399,0.476,0.612,1.016,1.356,1.4,1.199,0.972,1.255,0.928,0.663,0.593,0.525,-0.251,0.015,0.112,0.081
1991,5,0.574,0.574,0.677,1.193,1.416,1.066,1.15,1.135,1.973,1.642,1.251,1.081,1.26,0.175,0.438,0.245,0.15
1991,6,0.241,0.376,0.236,0.475,0.874,0.732,0.57,0.715,1.436,1.607,0.861,0.313,1.418,0.346,0.62,0.387,0.239
1991,7,0.24,0.235,0.192,0.293,0.512,0.455,0.136,0.841,1.079,1.256,1.119,1.178,1.152,0.63,0.701,0.488,0.307
1991,8,0.271,0.505,0.207,0.605,0.979,0.897,0.48,0.48,0.985,1.043,0.611,0.453,0.572,0.138,0.169,0.099,0.013
1991,9,0.109,0.235,0.208,0.252,0.412,0.352,0.278,0.38,0.805,0.935,0.762,0.878,1.072,0.655,0.594,0.487,0.343
1991,10,0.17,0.259,0.409,0.47,0.677,0.553,0.405,0.459,0.804,0.827,0.661,0.551,0.774,0.368,0.374,0.416,0.228
1991,11,0.169,0.339,0.399,0.669,1.009,0.631,0.736,0.79,1.025,0.748,0.517,0.364,0.104,-0.205,-0.224,-0.167,-0.159
1991,12,-0.208,-0.082,0.072,0.054,0.077,-0.576,-0.545,-0.275,-0.009,-0.22,-0.152,-0.267,0.098,-0.13,-0.116,-0.114,-0.181
1992,1,0.047,-0.026,-0.014,0.196,0.416,-0.001,0.011,-0.341,0.061,-0.311,-0.325,-0.605,-0.516,-0.721,-0.791,-0.551,-0.665
1992,2,0.155,0.17,0.049,-0.096,0.091,-0.57,-0.145,-0.439,-0.247,-0.395,-0.72,-0.89,-0.44,-0.336,-0.206,-0.067,-0.144
1992,3,0.196,0.187,0.233,0.119,0.312,-0.015,-0,0.195,0.254,0.208,0.148,0.026,0.471,0.085,0.294,0.19,0.148
1992,4,0.409,0.457,0.475,0.747,1.048,0.942,0.887,0.827,0.827,0.59,0.277,0.055,0.093,-0.271,-0.062,0.021,-0.066
1992,5,0.22,0.325,0.338,0.483,0.614,0.567,0.577,1.085,1.338,1.383,1.24,1.288,1.229,0.32,0.662,0.409,0.291
1992,6,0.383,0.429,0.503,0.666,0.757,0.411,0.329,0.367,0.892,1.125,0.987,0.949,1.051,0.222,0.475,0.278,0.181
1992,7,0.102,0.192,0.229,0.524,0.943,0.804,0.538,0.678,1.016,1.149,0.768,0.726,0.885,0.517,0.574,0.444,0.343
1992,8,0.189,0.279,0.394,0.565,0.853,0.456,0.66,0.354,0.825,0.853,0.552,0.577,0.629,0.301,0.454,0.357,0.299
1992,9,0.255,0.297,0.473,0.589,0.755,0.487,0.408,0.503,0.932,0.948,0.73,0.548,0.566,0.281,0.288,0.342,0.177
1992,10,0.247,0.349,0.407,0.315,0.385,0.119,0.153,0.188,0.519,0.342,0.227,0.123,0.386,0.08,0.111,0.199,0.089
1992,11,0.147,0.219,0.484,0.46,0.588,0.209,0.319,0.273,0.506,0.393,-0.047,0.023,-0.043,-0.147,-0.072,0.055,-0.028
1992,12,-0.236,0.262,0.388,0.344,0.4,0.657,0.172,-0.052,0.484,0.524,0.137,-0.064,0.186,-0.025,-0.059,-0.05,-0.023
1993,1,0.111,0.145,0.061,0.063,0.111,0.111,0.15,-0.477,0.023,-0.476,-0.451,-0.599,-0.031,-0.009,-0.093,-0.111,-0.224
1993,2,-0.017,0.134,0.062,0.199,0.114,-0.233,0.003,-0.196,-0.129,0.138,-0.123,0.147,0.063,0.09,-0.103,-0.133,-0.227
1993,3,0.151,0.466,0.401,0.645,0.74,0.623,0.38,0.404,0.388,0.222,-0.095,-0.277,0.101,-0.225,-0.309,-0.081,0.01
1993,4,0.393,0.552,0.642,1.279,1.517,1.337,1.099,1.017,1.239,0.885,0.12,0.033,-0.334,-0.535,-0.556,-0.219,-0.274
1993,5,0.362,0.451,0.458,0.566,0.438,0.064,0.091,0.284,0.246,0.243,-0.158,-0.061,0.212,-0.167,0.016,0.08,-0.037
1993,6,0.2,0.264,0.302,0.789,1.385,1.006,0.748,1.337,2.127,1.917,1.073,1.037,0.972,0.249,0.386,0.262,0.113
1993,7,0.152,0.176,0.043,0.388,0.67,0.437,0.375,0.626,1.564,1.528,1.172,1.087,0.916,0.349,0.464,0.306,0.221
1993,8,0.224,0.286,0.219,0.46,0.742,0.508,0.474,0.73,1.144,1.247,0.94,0.883,0.863,0.516,0.555,0.363,0.215
1993,9,0.075,0.35,0.301,0.488,0.794,0.457,0.559,0.774,1.168,0.86,0.568,0.417,0.59,0.428,0.362,0.354,0.222
1993,10,0.097,0.221,0.161,0.242,0.416,0.209,0.096,0.068,0.396,0.312,0.181,0.257,0.401,0.079,0.156,0.078,0.014
1993,11,0.018,0.215,0.17,0.362,0.496,0.264,0.26,0.438,0.737,0.635,0.711,0.635,0.734,0.225,0.242,0.281,0.051
1993,12,0.175,-0.039,0.345,0.198,0.165,-0.023,-0.116,-0.124,0.071,-0.085,-0.699,-0.943,-0.276,-0.43,-0.671,-0.27,-0.374
1994,1,0.049,0.094,0.306,0.318,0.303,0.263,0.004,-0.074,0.313,0.397,-0.084,-0.285,-0.112,-0.161,-0.289,-0.049,-0.12
1994,2,-0.127,0.278,0.151,0.194,0.325,-0.094,0.044,-0.146,0.153,0.334,0.081,-0.031,-0.27,-0.136,-0.394,-0.017,-0.238
1994,3,-0.009,0.33,0.344,0.429,0.702,0.383,0.33,0.281,0.437,0.653,0.425,0.397,0.302,-0.117,0.121,0.003,-0.059
1994,4,0.121,0.333,0.508,0.89,1.292,0.918,1.007,1.006,1.252,1.152,0.993,1.063,0.728,-0.076,0.224,0.097,-0.06
1994,5,0.244,0.278,0.312,0.671,1.042,0.819,0.594,0.753,1.091,1.255,0.738,0.801,0.919,0.178,0.483,0.295,0.169
1994,6,0.022,0.242,0.249,0.781,1.602,1.089,1.196,1.026,1.511,1.83,0.927,1.041,0.831,0.182,0.45,0.226,0.103
1994,7,0.154,0.328,0.165,0.374,0.615,0.381,0.328,0.299,0.947,1.547,1.255,1.24,1.141,0.592,0.754,0.401,0.336
1994,8,0.097,0.238,0.213,0.533,1.184,0.811,0.766,0.863,1.036,1.237,0.558,0.543,0.48,0.217,0.327,0.212,0.127
1994,9,0.451,0.45,0.376,0.396,0.72,0.338,0.28,0.441,0.683,0.655,0.521,0.634,0.717,0.342,0.356,0.247,0.139
1994,10,0.188,0.353,0.291,0.517,0.957,0.784,0.589,0.621,1.229,0.785,0.461,0.533,0.589,0.039,0.127,0.088,0.097
1994,11,0.031,0.353,0.435,0.58,0.707,0.069,0.104,0.198,0.446,0.152,-0.021,0.145,0.29,-0.222,-0.185,-0.058,-0.106
1994,12,-0.225,-0.005,0.395,0.243,0.201,0.017,0.061,-0.377,0.107,-0.264,-0.792,-1.107,-0.692,-0.572,-0.72,-0.251,-0.268
1995,1,-0.26,-0.092,0.139,0.017,-0.581,-0.92,-0.279,-1.137,-1.192,-1.358,-1.411,-1.722,-0.712,-0.395,-0.892,-0.292,-0.256
1995,2,-0.426,0.085,0.159,0.262,0.239,0.076,0.328,0.019,0.316,-0.079,0.13,0.637,0.22,-0.172,-0.199,0.14,-0.016
1995,3,0.019,0.35,0.411,0.33,0.176,0.145,0.106,-0.074,0.279,-0.276,-0.641,-0.912,-0.295,-0.003,-0.574,-0.241,-0.439
1995,4,0.099,0.365,0.629,0.905,1.371,1.154,0.955,0.872,1.335,1.288,0.595,0.56,0.308,-0.106,0.252,0.192,-0.062
1995,5,-0.028,0.093,0.26,0.616,1,0.84,0.443,0.924,1.621,1.34,1.174,1.532,1.052,0.308,0.557,0.26,0.132
1995,6,0.344,0.305,0.202,0.805,1.343,1.283,0.682,0.859,1.4,1.146,0.766,0.974,0.615,0.298,0.352,0.239,0.084
1995,7,0.283,0.319,0.206,0.525,1.039,1.276,0.706,0.562,0.923,0.918,0.749,0.938,0.737,0.418,0.496,0.336,0.221
1995,8,0.171,0.313,0.202,0.527,0.92,0.828,0.668,0.803,1.502,1.319,0.746,0.727,0.685,0.251,0.367,0.288,0.164
1995,9,0.245,0.383,0.359,0.563,1.017,0.881,0.267,0.322,0.733,0.494,0.256,0.233,0.345,0.119,0.239,0.11,0.011
1995,10,0.063,0.164,0.061,0.181,0.511,0.684,0.549,0.268,1.001,0.891,0.521,0.773,0.635,0.245,0.227,0.19,0.01
1995,11,-0.057,0.313,0.282,0.252,0.47,0.453,0.337,0.058,0.53,0.175,-0.254,-0.608,-0.209,-0.496,-0.481,-0.262,-0.365
1995,12,-0.086,0.272,0.508,0.472,0.354,0.159,0.013,-0.103,0.033,-0.174,-0.842,-1.258,-0.7,-0.529,-0.717,-0.251,-0.31
1996,1,-0.052,0.359,0.52,0.515,0.649,0.587,0.438,0.325,0.679,0.736,-0.08,0.284,0.004,-0.286,-0.116,0.142,0.05
1996,2,0.055,0.289,0.304,0.26,0.16,0.103,-0.1,-0.092,-0.081,0.205,-0.577,-0.474,-0.277,-0.313,-0.564,-0.157,-0.02
1996,3,0.171,0.342,0.374,0.558,0.62,0.816,0.54,0.457,0.864,0.897,0.319,0.629,0.477,-0.124,-0.061,-0.006,0.129
1996,4,0.156,0.459,0.402,0.866,0.961,0.829,0.735,0.788,0.672,0.539,0.214,0.155,-0.227,-0.499,-0.496,-0.062,-0.258
1996,5,0.398,0.448,0.335,0.644,1.143,1.129,0.96,1.216,1.993,1.565,1.274,1.135,1.271,0.099,0.46,0.228,0.122
1996,6,0.292,0.381,0.315,0.573,1.139,1.041,1.12,0.796,2.181,2.071,1.079,0.998,1.3,0.365,0.587,0.351,0.205
1996,7,0.167,0.258,0.174,0.366,0.651,0.477,0.513,0.588,1.213,1.176,0.993,1.097,0.965,0.571,0.659,0.528,0.428
1996,8,0.332,0.215,0.173,0.455,0.855,0.865,0.843,0.705,1.428,1.163,0.657,0.796,0.62,0.317,0.394,0.42,0.315
1996,9,0.227,0.329,0.206,0.28,0.566,0.33,0.266,0.298,0.757,0.797,0.524,0.713,0.801,0.253,0.265,0.24,0.172
1996,10,0.371,0.375,0.425,0.615,0.973,0.834,0.57,0.345,0.917,0.572,0.371,0.357,0.502,0.086,0.159,0.121,0.018
1996,11,0.31,0.371,0.352,0.522,0.843,0.524,0.27,0.379,0.729,0.307,-0.032,-0.069,0.257,-0.022,0.07,0.109,-0.001
1996,12,-0.009,0.045,0.091,0.086,0.252,-0.099,-0.313,-0.575,-0.262,-0.602,-0.909,-0.993,-0.601,-0.464,-0.69,-0.246,-0.224
1997,1,0.204,0.157,0.324,0.299,0.441,0.46,0.372,-0.053,0.275,0.212,-0.406,-0.284,-0.078,-0.36,-0.246,-0.075,-0.174
1997,2,0.103,0.477,0.654,0.866,1.325,1.458,1.493,0.793,1.367,1.636,0.659,0.782,0.923,0.001,0.181,0.286,0.075
1997,3,0.012,0.14,0.171,0.363,0.791,0.483,0.47,0.401,1.151,0.714,0.371,0.408,0.468,-0.506,-0.238,0.037,-0.113
1997,4,0.668,0.454,0.533,0.936,1.428,1.191,0.958,0.625,1.811,0.987,0.344,0.429,0.749,-0.148,0.169,0.107,0.074
1997,5,0.3,0.254,0.189,0.452,0.598,0.494,0.344,0.547,0.597,0.429,0.184,0.309,0.282,-0.038,0.149,0.087,0.012
1997,6,0.404,0.468,0.349,0.719,1.18,0.931,1.043,1.269,1.951,1.792,0.949,1.16,0.677,0.241,0.341,0.228,0.139
1997,7,0.068,0.322,0.16,0.355,0.774,0.681,0.559,0.903,1.197,1.272,0.84,1.215,0.891,0.424,0.583,0.418,0.31
1997,8,0.299,0.335,0.205,0.32,0.677,0.418,0.293,0.207,0.42,0.332,0.277,0.309,0.323,0.096,0.111,0.135,0.089
1997,9,0.294,0.313,0.267,0.44,0.833,0.423,0.243,0.476,0.756,0.697,0.459,0.483,0.307,-0.003,-0.084,-0.07,-0.112
1997,10,0.253,0.275,0.325,0.537,0.789,0.696,0.248,0.424,0.941,0.737,0.608,0.335,0.411,-0.152,-0.14,-0.082,-0.169
1997,11,0.216,0.198,0.06,0.101,0.11,0.029,-0.287,-0.505,-0.049,-0.423,-0.907,-0.967,-0.516,-0.323,-0.522,-0.251,-0.443
1997,12,0.489,0.139,0.041,0.271,0.453,0.341,0.299,-0.043,0.352,0.188,0.109,0.403,0.064,-0.244,-0.151,-0.319,-0.329
1998,1,0.381,0.351,0.362,0.371,0.034,0.351,-0.253,-0.608,-0.441,-0.612,-0.979,-1.269,-0.561,0.255,-0.929,-0.215,-0.481
1998,2,0.112,0.413,0.415,0.544,0.841,0.565,0.043,-0.493,0.022,-0.412,-0.535,-0.375,-0.614,0.171,-1,-0.153,-0.421
1998,3,0.281,0.484,0.538,0.795,1.225,1.214,0.862,0.451,1.034,1.139,0.473,0.291,0.388,-0.093,0.05,0.214,-0.097
1998,4,0.126,0.723,0.282,0.858,1.203,1.034,0.66,0.736,1.127,1.067,1.058,0.724,0.715,0.021,0.184,0.088,0.078
1998,5,0.359,0.539,0.322,0.599,0.883,0.618,0.315,0.193,0.617,0.553,0.427,0.784,0.642,0.07,0.326,0.287,0.232
1998,6,0.655,0.619,0.257,0.525,0.797,0.705,0.627,0.964,1.462,1.629,1.341,1.306,1.08,0.455,0.561,0.431,0.344
1998,7,0.353,0.292,0.15,0.364,0.909,0.579,0.557,0.538,1.479,1.297,0.892,0.712,0.867,0.324,0.407,0.281,0.143
1998,8,0.27,0.247,0.232,0.477,0.989,0.744,0.76,0.655,1.557,1.58,1.066,0.996,0.915,0.511,0.56,0.431,0.279
1998,9,0.323,0.484,0.283,0.351,0.75,0.574,0.342,0.441,0.948,0.912,0.709,0.735,0.76,0.341,0.518,0.394,0.25
1998,10,0.243,0.272,0.328,0.608,1.015,1.057,0.729,0.621,1.026,0.706,0.333,0.22,0.337,-0.071,0.045,0.007,-0.098
1998,11,0.133,0.389,0.386,0.538,0.688,0.463,0.144,-0.103,0.22,-0.143,-0.676,-0.928,-0.523,-0.662,-0.743,-0.407,-0.537
1998,12,0.159,0.436,0.297,0.725,1.09,1.026,0.829,0.705,1.376,1.185,0.983,0.578,0.729,-0.27,-0.053,0.053,0.043
1999,1,0.28,0.268,0.142,0.286,0.542,0.154,0.254,0.644,0.685,0.268,0.08,0.055,0.119,-0.331,-0.28,-0.125,-0.193
1999,2,0.574,0.271,0.605,0.497,0.919,0.253,0.375,0.396,0.271,-0.302,-0.995,-1.04,-0.825,-0.365,-1.249,-0.372,-0.592
1999,3,0.599,0.335,0.387,0.562,0.792,0.941,0.597,0.734,0.7,0.366,-0.041,0.176,-0.317,-0.259,-0.359,-0.099,-0.217
1999,4,0.421,0.346,0.388,0.782,1.382,1.702,1.427,1.312,2.505,1.889,1.645,1.806,1.231,0.184,0.61,0.392,0.356
1999,5,0.341,0.411,0.152,0.636,0.965,1.182,0.999,0.513,2.302,1.592,1.445,1.715,1.009,0.201,0.538,0.432,0.36
1999,6,0.362,0.48,0.356,0.829,1.2,1.447,0.974,0.699,2.132,2.102,0.833,0.824,0.841,0.153,0.266,0.212,0.144
1999,7,0.525,0.496,0.371,0.568,0.937,0.709,0.479,0.44,1.251,1.246,0.909,0.953,0.875,0.422,0.485,0.314,0.3
1999,8,0.509,0.539,0.343,0.764,1.146,1.028,0.7,0.621,1.348,1.204,0.613,0.484,0.537,0.251,0.307,0.243,0.185
1999,9,0.406,0.465,0.282,0.282,0.383,0.101,0.248,0.393,1.137,1.697,1.344,1.461,1.285,0.685,0.688,0.526,0.361
1999,10,0.386,0.29,0.248,0.366,0.794,0.341,0.395,0.405,0.708,0.639,0.415,0.321,0.507,0.059,0.096,0.089,-0.11
1999,11,0.402,0.351,0.274,0.427,0.489,0.206,0.28,-0.085,-0.025,-0.125,-0.965,-1.294,-0.882,-0.629,-0.707,-0.397,-0.475
1999,12,0.163,0.286,0.281,0.614,0.706,0.354,0.735,0.68,1.26,1.162,0.647,0.706,0.564,-0.262,-0.014,0.035,-0.059
2000,1,0.416,0.352,0.186,0.439,0.756,0.25,-0.045,0.224,0.151,-0.374,-0.709,-0.387,-0.263,-0.518,-0.413,-0.078,-0.225
2000,2,0.023,0.396,0.215,0.104,-0.164,0.014,-0.187,-0.303,0.053,-0.405,-0.972,-0.548,-0.111,-0.204,-0.535,-0.138,-0.068
2000,3,0.367,0.474,0.369,0.787,1.53,1.514,1.514,1.111,1.95,1.357,1.152,1.051,0.849,-0.103,0.223,-0.055,-0.032
2000,4,0.508,0.518,0.578,0.886,1.005,1.086,0.593,0.141,1.046,0.321,0.203,0.105,0.328,-0.021,0.102,0.051,0.019
2000,5,0.687,0.638,0.648,1.107,1.472,1.476,1.132,1.242,2.169,1.408,0.829,0.704,0.467,0.112,0.147,0.179,0.17
2000,6,0.692,0.59,0.416,0.481,0.528,0.206,0.315,0.58,1.726,1.751,1.561,1.438,1.465,0.764,0.722,0.513,0.421
2000,7,0.635,0.741,0.448,0.872,1.14,1.132,0.92,0.825,2.212,2.039,0.939,0.817,1.012,0.467,0.488,0.375,0.304
2000,8,0.159,0.314,0.294,0.522,0.809,0.795,0.609,0.857,1.79,1.645,0.84,1.388,1.181,0.787,0.619,0.432,0.364
2000,9,0.623,0.432,0.303,0.478,0.61,0.572,0.458,0.577,1.02,1.513,0.886,0.678,0.762,0.392,0.315,0.279,0.136
2000,10,0.16,0.155,0.087,0.278,0.753,0.573,0.649,0.585,0.826,0.571,0.704,0.485,0.287,0.1,0.045,0.13,-0.019
2000,11,0.087,0.172,0.392,0.411,0.644,0.378,0.361,0.304,0.577,0.136,0.293,0.036,0.095,-0.1,-0.057,-0.078,-0.162
2000,12,-0.094,0.384,-0.173,0.234,0.478,-0.031,0.202,-0.245,0.3,0.054,-0.368,-0.257,-0.289,-0.339,-0.394,-0.133,0.019
2001,1,0.091,0.323,0.126,0.16,0.225,0.114,0.189,0.169,0.336,0.199,-0.069,0.04,-0.149,-0.242,-0.392,-0.251,-0.173
2001,2,0.025,0.15,0.352,0.099,0.297,0.182,0.066,0.245,0.399,0.334,0.428,0.253,0.601,0.144,0.207,0.045,-0.056
2001,3,0.174,0.264,0.36,0.547,0.836,0.884,0.669,0.468,1.122,1.303,0.817,0.729,0.934,0.137,0.531,0.217,0.137
2001,4,0.374,0.54,0.769,0.883,1.379,1.027,0.796,0.704,1.142,0.76,1.007,0.646,0.751,-0.228,0.17,0.102,0.173
2001,5,0.157,0.229,0.01,0.137,0.599,0.748,0.675,1.072,1.764,1.708,1.446,1.316,1.163,0.327,0.476,0.328,0.294
2001,6,0.338,0.394,0.205,0.521,1.071,1.087,1.166,1.16,1.909,1.435,1.136,0.88,0.693,0.19,0.404,0.276,0.246
2001,7,0.402,0.405,0.311,0.55,0.866,0.784,0.743,0.772,2.123,2.204,2.102,1.02,1.439,0.873,0.781,0.563,0.534
2001,8,0.232,0.4,0.318,0.482,0.899,0.864,0.867,0.941,1.849,1.068,0.421,0.161,0.307,0.094,0.17,0.098,0.056
2001,9,0.373,0.354,0.296,0.423,0.637,0.493,0.364,0.401,1.166,1.227,0.654,0.798,0.989,0.629,0.452,0.344,0.254
2001,10,0.104,0.048,0.055,0.079,0.277,0.27,0.432,0.51,1.283,0.998,0.991,0.501,0.759,0.265,0.124,0.136,0.216
2001,11,0.216,0.166,0.366,0.365,0.431,0.143,0.15,-0.028,0.06,-0.151,-0.917,-0.82,-0.753,-0.568,-0.738,-0.467,-0.431
2001,12,0.444,0.41,0.358,0.392,0.756,0.406,0.188,0.307,0.436,0.061,-0.411,-0.26,-0.363,-0.266,-0.277,-0.124,-0.003
2002,1,0.34,0.402,0.461,0.527,0.971,0.716,0.625,0.378,0.912,0.682,0.143,0.251,-0.015,-0.486,-0.253,-0.198,-0.293
2002,2,0.227,0.334,0.46,0.145,0.628,0.42,-0.024,0.209,0.332,0.61,0.724,0.985,0.545,-0.077,0.107,-0.002,-0.044
2002,3,0.389,0.501,0.905,0.756,0.86,0.703,0.842,0.586,1.157,0.764,0.858,0.577,0.612,-0.184,0.185,0.09,-0.058
2002,4,0.242,0.467,0.508,0.794,0.965,0.808,0.763,0.398,1.351,1.065,1.047,0.869,1.081,0.258,0.621,0.286,0.212
2002,5,0.362,0.544,0.68,1.043,1.184,0.863,1.256,0.805,1.715,1.343,0.869,0.745,0.789,0.026,0.413,0.231,0.099
2002,6,0.394,0.416,0.361,0.819,1.447,1.613,1.511,1.46,2.634,1.995,0.942,1.139,0.808,0.199,0.313,0.206,0.153
2002,7,0.33,0.334,0.25,0.424,0.6,0.45,0.492,0.55,1.591,2.339,1.389,1.761,1.338,0.615,0.584,0.469,0.352
2002,8,0.288,0.349,0.325,0.538,0.767,0.779,0.81,0.768,1.618,2.115,1.513,1.203,1.083,0.494,0.498,0.542,0.375
2002,9,0.333,0.414,0.421,0.501,0.549,0.428,0.443,0.382,0.711,1.049,1.285,1.073,0.716,0.42,0.333,0.403,0.236
2002,10,0.394,0.358,0.271,0.393,0.426,0.356,0.511,0.771,1.132,1.196,1.221,0.919,0.769,0.482,0.317,0.254,0.352
2002,11,0.127,0.038,0.332,0.128,0.289,0.167,0.137,-0.122,-0.039,-0.109,-0.309,-0.379,-0.513,-0.629,-0.825,-0.755,-0.767
2002,12,0.432,0.335,0.343,0.237,0.081,-0.117,-0.298,-0.447,-0.515,-0.609,-1.048,-0.65,-0.764,-0.389,-0.965,-0.525,-0.778
2003,1,0.171,0.349,0.379,0.275,0.16,0.459,0.149,-0.032,-0.076,-0.003,-0.796,-0.392,-0.739,-0.389,-0.506,-0.181,-0.369
2003,2,0.072,0.196,0.447,0.379,0.756,0.347,0.597,0.415,0.808,0.76,0.667,0.612,0.882,-0.021,0.198,-0.113,-0.069
2003,3,0.442,0.502,0.732,0.83,1.142,0.797,0.847,0.436,0.701,0.49,0.368,0.152,-0.232,-0.473,-0.352,-0.015,-0.28
2003,4,0.362,0.545,0.692,0.792,0.776,0.713,0.54,0.429,0.739,0.476,0.378,0.346,-0.011,-0.248,-0.144,-0.037,-0.231
2003,5,0.13,0.413,0.445,0.823,1.383,1.386,1.351,1.167,1.679,1.553,1.079,1.033,1.168,0.078,0.456,0.247,0.13
2003,6,0.348,0.377,0.45,0.853,0.93,1.371,1.079,0.87,2.245,1.615,1.122,1.521,1.446,0.551,0.88,0.53,0.371
2003,7,0.155,0.237,0.26,0.505,0.612,1.182,0.568,0.409,1.728,2.255,1.33,1.354,1.178,0.479,0.629,0.47,0.303
2003,8,0.63,0.663,0.747,1.087,0.956,0.826,0.686,0.663,0.99,1.314,0.828,0.707,0.998,0.453,0.548,0.426,0.342
2003,9,0.349,0.424,0.617,0.569,0.632,0.633,0.502,0.637,0.757,0.86,0.562,0.704,0.74,0.503,0.494,0.408,0.235
2003,10,0.248,0.206,0.261,0.475,0.88,0.721,0.626,0.377,0.958,0.961,0.329,0.766,0.16,-0.109,-0.273,-0.237,-0.134
2003,11,0.4,0.202,0.402,0.285,0.511,0.051,0.239,0.141,0.116,0.066,-0.076,0.139,0.125,-0.114,-0.187,0.137,0.118
2003,12,0.144,0.191,0.269,0.108,0.036,0.268,-0.025,-0.057,-0.286,-0.499,-0.951,-0.543,-0.454,-0.433,-0.516,-0.411,-0.246
2004,1,0.279,0.366,0.42,0.48,0.641,0.562,0.371,0.073,0.244,-0.279,-0.7,-0.438,-0.181,-0.662,-0.404,-0.301,-0.078
2004,2,0.292,0.382,0.501,0.414,0.323,0.062,-0.196,0.012,0.284,0.093,-0.527,-0.371,-0.149,-0.43,-0.287,-0.08,-0.23
2004,3,0.45,0.524,0.5,0.784,1.226,1,1.211,0.927,1.526,1.226,1.252,1.285,0.972,-0.142,0.232,0.11,0.098
2004,4,0.522,0.505,0.639,0.696,0.812,0.752,0.909,0.324,1.102,0.523,0.595,0.895,0.689,0.169,0.111,0.171,0.056
2004,5,0.686,0.854,0.933,1.224,1.027,1.226,1.045,1.007,1.945,1.034,0.713,0.889,0.634,0.143,0.27,0.169,0.098
2004,6,0.12,0.342,0.464,0.903,1.182,1.367,1.284,1.044,1.766,1.909,0.988,1.209,1.018,0.413,0.53,0.394,0.293
2004,7,0.61,0.626,0.517,0.719,0.759,0.644,0.476,0.641,1.173,1.444,1.33,0.803,1.158,0.617,0.487,0.459,0.334
2004,8,0.45,0.471,0.298,0.498,0.629,0.634,0.49,0.438,0.676,0.804,0.535,0.385,0.672,0.454,0.362,0.273,0.219
2004,9,0.468,0.453,0.443,0.487,0.741,0.697,0.968,1.094,1.377,1.168,1.192,0.841,0.966,0.554,0.409,0.42,0.324
2004,10,0.185,0.203,0.181,0.318,0.419,0.188,0.393,0.403,0.43,0.589,0.484,0.652,0.538,0.309,0.055,0.11,0.1
2004,11,-0.117,0.417,0.331,0.372,0.721,0.477,0.485,0.807,1.073,0.926,1.014,0.574,0.686,0.302,0.558,0.284,0.223
2004,12,0.19,0.164,0.077,0.007,-0.038,-0.236,-0.3,-0.278,0.189,0.545,0.434,0.006,0.253,-0.037,-0.145,-0.047,-0.145
2005,1,0.413,0.507,0.288,0.029,0.146,0.222,0.136,-0.54,-0.341,-0.226,-0.814,-0.297,-0.393,-0.28,-0.409,-0.27,-0.291
2005,2,0.341,0.181,0.25,0.023,0.122,-0.106,-0.159,-0.286,-0.085,0.2,-0.1,-0.015,0.519,0.029,0.27,0.066,0.041
2005,3,0.475,0.738,0.509,0.563,0.787,0.563,0.732,0.45,0.51,0.338,-0.125,0.083,-0.042,0.213,-0.33,-0.018,-0.097
2005,4,0.401,0.579,0.75,1.001,1.387,1.07,1.012,0.53,1.134,0.899,0.668,0.765,0.315,-0.211,0.063,0.009,-0.023
2005,5,0.461,0.564,0.712,1.033,0.821,0.883,0.826,0.79,0.925,0.831,0.495,0.552,0.255,-0.132,-0.037,-0.015,-0.047
2005,6,0.593,0.7,0.744,1.327,0.999,0.97,1.468,1.224,1.879,1.523,1.056,1.108,1.306,0.156,0.513,0.302,0.264
2005,7,0.261,0.365,0.234,0.412,0.645,0.798,0.725,0.647,1.745,1.915,1.453,1.428,1.381,0.93,0.825,0.738,0.471
2005,8,0.185,0.263,0.189,0.371,0.435,0.556,0.559,0.497,1.358,1.455,1.213,0.66,0.963,0.505,0.601,0.627,0.363
2005,9,0.398,0.435,0.477,0.743,0.784,0.778,1.03,1.032,1.28,1.12,1.429,0.561,0.916,0.572,0.569,0.554,0.398
2005,10,0.371,0.391,0.445,0.702,0.8,0.758,0.712,0.386,0.473,0.14,0.153,-0.016,0.048,-0.084,-0.261,-0.108,-0.184
2005,11,0.325,0.365,0.422,0.566,0.602,0.349,0.488,0.497,0.724,0.436,0.638,0.471,0.339,0.123,0.047,-0.014,-0.084
2005,12,0.344,0.282,0.349,0.217,0.028,0.054,-0.26,0.223,0.115,-0.413,-1.146,-0.945,-0.765,-0.304,-0.571,-0.229,-0.526
2006,1,0.284,0.219,0.262,0.434,0.662,0.477,0.359,0.143,0.182,-0.184,-0.609,-0.332,-0.913,-0.29,-0.442,-0.316,-0.493
2006,2,0.29,0.123,0.268,0.326,0.463,0.652,0.45,0.686,0.872,0.618,0.615,0.569,0.648,-0.159,0.086,-0.036,0.098
2006,3,0.223,0.373,0.644,0.54,0.75,0.72,0.525,0.393,0.35,-0.243,-0.366,0.189,-0.281,-0.148,-0.527,-0.133,-0.329
2006,4,0.115,0.19,0.183,0.448,0.913,0.569,0.602,0.693,1.229,1.22,0.924,1.139,0.882,-0.057,0.399,0.223,0.186
2006,5,0.241,0.379,0.445,0.941,1.251,1.342,1.18,0.834,1.48,1.45,0.832,0.729,1.345,-0.159,0.664,0.365,0.255
2006,6,0.472,0.491,0.517,0.965,1.004,0.863,0.881,0.805,1.656,1.891,1.615,1.831,1.648,0.62,0.877,0.626,0.376
2006,7,0.265,0.223,0.266,0.563,0.749,0.67,1.001,0.914,2.014,2.049,1.346,1.775,1.723,0.66,0.764,0.583,0.388
2006,8,0.371,0.417,0.483,0.642,0.624,0.694,0.807,0.75,1.83,1.921,1.589,1.18,1.503,0.546,0.71,0.782,0.586
2006,9,0.501,0.465,0.551,0.627,0.784,0.554,0.652,0.735,1.378,1.115,0.837,0.844,0.934,0.339,0.32,0.3,0.232
2006,10,0.207,0.189,0.397,0.202,0.156,0.152,0.198,0.233,0.317,0.289,0.165,0.016,0.161,0.233,0.217,0.326,0.462
2006,11,0.209,0.202,0.361,0.201,0.358,0.306,0.19,-0.105,0.083,-0.118,-0.676,-0.336,-0.542,-0.775,-0.42,-0.442,-0.415
2006,12,0.115,-0.021,0.258,0.186,0.282,0.229,0.079,0.003,0.148,0.27,-0.519,-0.29,-0.4,-0.451,-0.437,-0.228,-0.42
2007,1,0.198,0.314,0.46,0.329,0.668,0.156,0.381,0.664,0.947,1.167,0.448,0.402,0.95,-0.229,0.181,0.03,-0.124
2007,2,0.343,0.591,0.634,0.668,0.474,0.83,0.636,0.321,1.123,0.485,-0.079,-0.257,-0.226,-0.06,-0.048,-0.177,-0.297
2007,3,0.133,0.416,0.535,0.551,0.643,1.277,0.868,0.857,1.431,1.113,0.772,0.643,0.802,-0.019,0.073,-0.157,-0.369
2007,4,0.344,0.638,0.911,1.154,1.292,1.304,1.247,0.541,1.196,0.595,0.555,0.281,0.563,-0.224,0.07,-0.046,-0.136
2007,5,0.574,0.564,0.572,0.793,0.748,1.053,0.8,0.965,1.669,1.438,1.174,1.128,1.075,0.229,0.709,0.402,0.26
2007,6,0.463,0.536,0.512,1.03,1.224,1.124,1.142,0.971,2.004,1.653,0.626,0.682,0.563,0.184,0.112,0.134,0.071
2007,7,0.378,0.45,0.336,0.61,0.714,0.793,0.691,0.486,1.277,1.714,1.205,1.44,0.897,0.383,0.398,0.341,0.191
2007,8,0.373,0.481,0.333,0.699,0.705,0.524,0.816,0.503,1.293,1.463,1.328,1.117,1.105,0.324,0.434,0.325,0.196
2007,9,0.341,0.6,0.577,0.749,0.79,0.806,0.968,0.877,1.391,1.35,1.171,0.999,0.95,0.37,0.351,0.184,0.137
2007,10,0.63,0.423,0.592,0.752,0.742,0.574,0.705,0.522,0.707,0.64,0.715,0.666,0.443,-0.016,0.125,0.049,-0.078
2007,11,0.23,0.143,0.156,0.197,0.204,0.403,0.664,0.534,0.848,0.821,0.57,0.438,0.248,-0.02,0.074,-0.004,-0.081
2007,12,0.262,0.261,0.579,0.509,0.686,0.144,0.329,0.194,0.462,0.367,0.018,-0.248,-0.699,-0.666,-0.698,-0.491,-0.529
2008,1,0.18,0.155,0.191,0.055,0.306,-0.342,-0.523,-0.302,0.076,0.019,-0.092,-0.137,-0.525,-0.449,-0.351,-0.293,-0.407
2008,2,0.231,0.468,0.564,0.489,0.826,0.907,0.767,0.545,0.908,1.23,0.245,0.225,0.112,-0.281,-0.081,0.157,-0.098
2008,3,0.673,0.866,1.062,1.299,1.469,1.574,1.765,0.872,1.299,1.135,0.542,0.475,0.248,-0.192,0.087,0.201,0.022
2008,4,0.502,0.588,0.728,1.021,1.513,1.176,1.133,0.679,0.972,0.974,0.544,0.618,0.823,-0.078,0.285,0.171,0.118
2008,5,0.52,0.479,0.504,0.638,0.862,0.996,0.937,1.179,1.695,1.419,0.976,1,0.989,0.15,0.523,0.325,0.254
2008,6,0.498,0.36,0.453,0.656,1.068,1.446,0.856,0.951,1.693,2.049,1.338,1.543,1.024,0.337,0.501,0.395,0.299
2008,7,0.334,0.329,0.278,0.471,0.647,1.054,0.716,0.579,1.144,1.443,1.057,1.133,1.327,0.593,0.555,0.531,0.463
2008,8,0.348,0.247,0.281,0.47,0.563,0.59,0.686,0.814,1.527,2.026,1.166,1.08,0.646,0.254,0.236,0.153,0.121
2008,9,0.519,0.439,0.356,0.44,0.491,0.387,0.164,0.1,0.4,0.863,0.97,1.108,0.832,0.41,0.451,0.33,0.166
2008,10,0.285,0.257,0.388,0.429,0.481,0.486,0.422,0.466,0.779,0.749,0.422,0.406,0.262,0.003,-0.089,0.016,-0.088
2008,11,0.373,0.155,0.221,0.391,0.741,0.329,0.341,0.115,0.209,-0.088,-0.332,-0.358,-0.564,-0.504,-0.522,-0.399,-0.445
2008,12,0.181,0.265,0.192,0.22,0.489,0.234,0.426,0.307,0.639,0.57,0.484,0.269,0.122,0.012,0.027,-0.057,-0.106
2009,1,0.044,0.152,-0.049,-0.024,0.329,0.18,0.262,0.167,0.36,0.27,0.439,0.293,0.243,-0.192,-0.034,-0.088,-0.088
2009,2,0.023,0.217,0.313,0.202,0.154,-0.011,-0.057,-0.203,-0.074,-0.148,-0.557,-0.449,-0.152,-0.157,0.006,0.117,-0.055
2009,3,0.348,0.273,0.453,0.549,1,0.824,1.296,0.978,1.287,1.134,0.812,0.501,0.198,-0.237,0.08,0.015,0.019
2009,4,0.487,0.544,0.65,0.923,1.157,1.26,0.933,0.907,1.072,1.016,0.834,1.034,0.96,0.097,0.287,0.163,0.203
2009,5,0.259,0.438,0.247,0.594,0.701,0.733,0.678,0.754,1.19,1.656,0.727,0.757,0.804,0.086,0.247,0.285,0.197
2009,6,0.58,0.416,0.434,0.62,0.475,0.564,0.552,0.518,1.115,1.534,1.181,1.172,0.739,0.329,0.291,0.352,0.227
2009,7,0.403,0.34,0.215,0.487,0.74,0.84,0.672,0.619,1.189,0.898,0.945,1.018,1.067,0.537,0.426,0.409,0.258
2009,8,0.394,0.475,0.33,0.451,0.517,0.601,0.615,0.738,0.917,1.372,0.818,0.803,0.785,0.342,0.278,0.22,0.132
2009,9,0.516,0.425,0.398,0.411,0.594,0.588,0.562,0.897,0.885,0.832,0.629,0.489,0.55,0.131,0.119,0.122,0.038
2009,10,0.398,0.377,0.473,0.535,0.653,0.715,0.651,0.694,0.919,0.91,0.6,0.52,0.369,-0.037,0.003,0.017,-0.024
2009,11,0.439,0.195,0.329,0.472,0.644,0.523,0.55,0.363,0.581,0.404,0.332,0.092,-0.398,-0.646,-0.777,-0.439,-0.525
2009,12,0.229,0.161,0.135,0.071,-0.087,-0.025,-0.324,-0.036,-0.075,-0.055,-0.235,-0.148,-0.328,-0.42,-0.25,-0.18,-0.29
2010,1,0.028,0.059,0.258,-0.143,-0.078,-0.047,-0.355,-0.495,-0.217,-0.672,-1.483,-1.31,-1.296,-0.757,-0.925,-0.452,-0.81
2010,2,0.354,0.334,0.451,0.241,0.175,0.265,0.03,-0.149,-0.015,0.01,-0.265,-0.333,-0.822,-0.159,-0.157,-0.201,-0.452
2010,3,0.537,0.473,0.717,0.694,0.855,1.042,0.922,0.603,0.815,0.653,0.228,0.228,-0.267,-0.259,-0.121,-0.033,-0.257
2010,4,0.481,0.391,0.868,0.885,1.103,0.871,1.001,0.997,1.264,0.955,0.622,0.582,0.309,-0.236,0.049,0.09,-0.009
2010,5,0.702,0.583,0.674,1.012,1.126,1.452,1.202,0.818,0.854,0.777,0.61,0.646,0.539,-0.067,0.142,0.088,0.05
2010,6,0.361,0.445,0.311,0.812,1.328,1.216,1.316,1.405,1.929,1.497,1.301,1.277,0.9,0.22,0.233,0.232,0.124
2010,7,0.421,0.387,0.225,0.428,0.591,0.738,0.57,0.742,1.804,1.842,1.857,1.785,1.784,0.951,0.848,0.906,0.576
2010,8,0.597,0.524,0.39,0.681,0.76,0.64,0.713,0.784,1.328,2.114,1.013,0.93,0.799,0.235,0.266,0.215,0.207
2010,9,0.647,0.468,0.33,0.421,0.449,0.446,0.486,0.385,0.75,0.78,0.207,0.36,0.185,-0.071,-0.094,-0.025,-0.056
2010,10,0.405,0.167,0.223,0.173,0.191,0.137,0.032,0.229,0.512,0.689,0.055,0.179,-0.102,-0.227,-0.274,-0.197,-0.303
2010,11,0.142,0.254,0.412,0.32,0.381,0.404,0.563,0.571,0.631,0.346,0.134,-0.2,-0.394,-0.317,-0.196,-0.131,-0.15
2010,12,0,-0.12,0.099,0.184,0.048,-0.133,-0.305,-0.182,-0.326,-0.692,-1.357,-1.234,-1.662,-1.056,-1.139,-0.623,-0.81
2011,1,-0.104,-0.144,-0.202,-0.024,0.425,0.221,0.39,0.394,0.444,0.331,0.115,-0.006,-0.247,-0.431,-0.047,-0.156,-0.198
2011,2,-0.062,-0.005,0.227,0.065,0.329,0.254,0.43,0.378,0.451,0.379,0.663,0.343,0.261,-0.261,0.175,0.035,-0
2011,3,0.565,0.384,0.376,0.335,0.451,0.346,0.156,0.142,-0.016,-0.244,-0.541,-0.566,-0.833,-0.458,-0.62,-0.234,-0.581
2011,4,0.935,0.667,0.737,0.988,1.175,0.892,1.01,0.841,0.894,1.085,0.683,0.781,0.611,-0.122,0.245,0.138,0.106
2011,5,0.816,0.739,0.843,1.146,0.847,1.025,0.853,0.835,1.359,1.066,0.877,0.6,0.662,-0.06,0.068,0.08,0.029
2011,6,0.535,0.531,0.457,0.638,0.889,0.977,1.168,1.08,1.544,1.664,1.103,1.198,0.869,0.206,0.236,0.198,0.108
2011,7,0.801,0.723,0.479,0.759,0.673,0.712,0.822,0.778,1.796,1.813,1.398,1.531,1.24,0.559,0.549,0.44,0.267
2011,8,0.637,0.635,0.538,0.826,0.957,0.855,0.979,1.195,1.789,1.709,1.136,1.15,1.038,0.269,0.37,0.4,0.246
2011,9,0.48,0.504,0.273,0.399,0.364,0.195,0.281,0.437,0.632,0.787,0.462,0.49,0.562,0.152,0.007,0.117,-0.1
2011,10,0.478,0.343,0.272,0.423,0.526,0.513,0.41,0.41,0.622,0.613,0.436,0.413,0.323,0.127,0.073,-0.052,-0.096
2011,11,-0.024,0.1,0.121,0.119,0.196,0.248,0.147,0.258,0.315,-0.126,-0.217,-0.326,-0.338,-0.375,-0.332,-0.261,-0.406
2011,12,0.02,0.01,0.219,0.141,-0.01,0.013,-0.134,0.178,0.696,0.782,0.695,0.726,0.577,-0.041,0.46,0.049,-0.058
2012,1,0.134,0.029,0.361,0.11,0.371,0.227,0.256,0.076,0.14,0.062,-0.194,-0.381,-0.448,-0.432,-0.61,-0.391,-0.551
2012,2,0.385,0.241,0.542,0.67,0.816,0.796,1.116,0.8,0.976,0.778,0.672,0.522,0.501,-0.1,0.052,0.041,-0.085
2012,3,0.593,0.403,0.424,0.416,0.354,0.073,-0,-0.202,-0.046,-0.246,-0.507,-0.421,-0.591,-0.614,-0.669,-0.273,-0.39
2012,4,0.458,0.351,0.249,0.591,0.983,1.011,0.697,0.43,0.549,0.277,-0.052,-0.076,-0.329,-0.326,-0.273,-0.081,-0.25
2012,5,0.689,0.544,0.608,1.115,1.465,1.198,1.372,0.887,1.589,0.995,1.31,1.068,0.986,0.194,0.503,0.319,0.121
2012,6,0.713,0.584,0.546,0.878,0.961,1.064,1.05,1.26,1.627,1.305,1.141,0.759,0.582,-0.038,0.187,0.035,-0.01
2012,7,0.677,0.563,0.41,0.552,0.686,0.729,0.911,0.97,1.584,1.658,1.212,1.255,0.835,0.329,0.469,0.346,0.206
2012,8,0.448,0.329,0.306,0.479,0.747,0.751,0.843,0.859,1.232,1.266,0.79,1.131,0.827,0.414,0.498,0.437,0.277
2012,9,0.567,0.392,0.389,0.433,0.584,0.54,0.456,0.505,0.8,1.124,0.961,0.929,1.022,0.532,0.497,0.491,0.317
2012,10,0.525,0.448,0.451,0.45,0.355,0.357,0.192,0.236,0.274,-0.03,0.055,0.104,0.028,-0.053,-0.189,-0.13,-0.1
2012,11,0.329,0.209,0.152,0.175,0.152,0.126,-0.011,-0.02,-0.109,-0.34,-0.607,-0.597,-0.836,-0.901,-0.619,-0.671,-0.615
2012,12,0.334,0.327,0.196,0.018,0.305,0.054,-0.009,0.161,0.33,0.223,-0.135,-0.375,-0.413,-0.883,-0.162,-0.687,-0.181
2013,1,0.029,0.291,0.318,0.067,0.634,0.367,0.544,0.063,0.503,0.378,0.366,0.036,0.371,-0.296,0.055,0.101,0.129
2013,2,0.435,0.502,0.466,0.429,0.952,0.791,0.664,0.828,1.116,0.965,0.772,0.547,0.333,0.039,0.072,-0.002,0.043
2013,3,0.371,0.321,0.189,0.233,0.673,0.503,0.36,0.4,0.781,0.406,0.351,0.266,0.247,-0.105,0.066,0.056,0.055
2013,4,0.823,0.615,0.665,0.822,1.122,1.031,1.014,1.308,1.799,1.379,1.202,1.023,0.801,0.252,0.349,0.183,0.226
2013,5,0.654,0.474,0.53,1.082,1.247,1.228,0.916,0.731,1.249,0.942,0.55,0.587,0.439,0.228,0.328,0.18,0.133
2013,6,0.89,0.628,0.414,0.796,1.02,0.929,0.759,0.924,1.561,1.336,1.207,1.308,1.034,0.364,0.469,0.25,0.162
2013,7,0.573,0.538,0.35,0.437,0.508,0.286,0.209,0.581,1.652,2.057,2.315,2.367,2.191,1.401,1.434,1.002,0.808
2013,8,0.954,0.797,0.554,0.827,0.929,0.709,0.411,0.386,0.719,0.636,0.373,0.352,0.428,0.268,0.335,0.208,0.139
2013,9,0.706,0.595,0.394,0.611,1.162,0.923,0.619,0.542,0.745,0.442,0.253,0.202,0.086,-0.069,0.002,0.014,0.091
2013,10,0.26,0.319,0.151,0.153,0.577,0.421,0.402,0.529,1.273,1.038,1.052,1.008,0.962,0.564,0.571,0.383,0.368
2013,11,-0.111,0.157,0.052,-0.139,0.289,0.208,0.329,0.278,0.672,0.287,0.052,0.197,0.11,0.154,0.033,0.165,0.066
2013,12,-0.079,0.219,0.159,-0.135,0.33,0.1,0.379,0.12,0.85,0.734,0.488,0.54,0.495,0.244,0.073,0.274,0.187
2014,1,-0.282,0.089,-0.031,-0.256,0.181,0.057,0.006,-0.443,-0.133,-0.027,-0.277,-0.108,-0.182,0.044,-0.151,0.13,-0.083
2014,2,0.108,0.272,0.152,0.077,0.578,0.2,0.015,-0.128,-0.032,-0.246,-0.511,-0.449,-0.475,-0.191,-0.239,-0.151,-0.206
2014,3,0.423,0.344,0.216,0.076,0.218,-0.088,-0.214,-0.069,0.172,0.308,0.198,0.178,0.112,-0.061,-0.196,-0.06,-0.054
2014,4,0.621,0.592,0.493,0.514,0.794,0.577,0.444,0.381,0.585,0.427,0.475,0.336,0.472,0.176,0.228,0.039,0.163
2014,5,0.422,0.486,0.573,0.717,1.134,1.208,0.979,1.049,1.46,1.244,0.818,0.67,0.605,0.243,0.303,0.164,0.25
2014,6,0.53,0.596,0.374,0.697,0.935,0.996,0.872,1.051,2.031,2.207,1.971,1.703,1.378,0.712,0.677,0.482,0.436
2014,7,0.339,0.47,0.205,0.237,0.272,0.138,0.134,0.173,0.702,0.836,1.164,1.434,1.296,1.005,0.902,0.74,0.63
2014,8,0.324,0.472,0.252,0.371,0.485,0.34,0.204,0.126,0.745,0.95,1.022,0.99,0.967,0.758,0.763,0.651,0.535
2014,9,0.556,0.637,0.436,0.547,0.682,0.413,0.164,0.071,0.255,0.315,0.43,0.269,0.312,0.196,0.236,0.072,0.014
2014,10,0.167,0.221,0.07,0.103,0.516,0.302,0.155,0.043,0.185,0.049,-0.224,-0.328,-0.352,-0.339,-0.476,-0.335,-0.281
2014,11,0.106,0.263,0.087,-0.121,0.162,-0.043,-0.082,-0.168,-0.178,-0.197,-0.303,-0.345,-0.274,-0.113,-0.162,-0.047,-0.472
2014,12,0.058,0.147,0.061,-0.312,0.086,-0.183,-0.292,-0.046,-0.375,-0.542,-1.03,-0.939,-0.697,-0.253,-0.58,-0.213,-0.425
2015,1,-0.284,0.095,-0.069,-0.417,0.003,-0.01,-0.049,-0.243,-0.017,-0.083,-0.14,-0.18,0.067,-0.298,-0.103,-0.231,-0.06
2015,2,0.017,0.17,-0.011,-0.11,0.147,0.017,-0.092,-0.127,0.166,-0.089,-0.326,-0.535,-0.071,-0.281,-0.36,-0.212,-0.022
2015,3,-0.01,0.111,0.004,-0.006,0.582,0.431,0.248,0.31,0.559,0.391,0.209,0.035,0.143,0.005,0.055,-0.002,0.028
2015,4,0.432,0.379,0.361,0.679,1.177,1.137,0.824,1.39,1.516,1.277,1.07,0.879,0.82,0.342,0.386,0.272,0.257
2015,5,0.538,0.557,0.64,0.822,0.825,0.687,0.472,0.716,1.488,1.306,1.092,1.19,0.989,0.553,0.662,0.474,0.501
2015,6,0.439,0.588,0.401,0.567,0.703,0.574,0.378,0.451,0.978,1.325,1.465,1.297,0.852,0.793,0.904,0.68,0.682
2015,7,0.47,0.588,0.384,0.466,0.347,0.218,-0.022,0.024,0.444,0.803,0.769,0.816,0.649,0.391,0.432,0.394,0.355
2015,8,0.421,0.603,0.466,0.712,0.752,0.686,0.234,0,0.321,0.425,0.498,0.564,0.651,0.458,0.473,0.423,0.406
2015,9,0.164,0.337,0.176,0.202,0.479,0.471,0.479,0.519,0.891,1.037,1.22,0.977,0.77,0.465,0.421,0.364,0.284
2015,10,0.132,0.324,0.242,0.259,0.673,0.52,0.187,0.187,0.395,0.261,0.351,0.096,0.085,-0.068,0.053,-0.027,0.01
2015,11,0.134,0.429,0.387,0.143,0.639,0.538,0.496,0.19,0.451,0.193,0.074,-0.129,-0.055,-0.141,-0.148,-0.004,0.103
2015,12,0.42,0.678,0.723,0.577,0.615,0.306,0.192,-0.12,0.043,-0.232,-0.742,-0.843,-1.299,-0.971,-0.965,-0.636,-0.152
2016,1,0.086,0.25,0.068,-0.146,0.102,-0.364,-0.643,-0.517,-1.129,-1.069,-1.601,-1.278,-1.141,-0.873,-0.794,-0.88,-0.68
2016,2,0.022,0.329,0.281,0.086,0.333,0.185,0.21,-0.195,0.011,-0.053,-0.341,-0.328,-0.334,-0.396,-0.416,-0.357,-0.158
2016,3,0.586,0.517,0.316,0.44,0.837,0.511,0.248,0.158,0.136,-0.102,-0.567,-0.654,-0.634,-0.588,-0.539,-0.541,-0.231
2016,4,0.581,0.658,0.681,0.819,0.999,1.05,0.679,0.7,0.947,0.652,0.365,0.298,0.214,-0.061,0.186,0.096,0.126
2016,5,0.572,0.539,0.521,0.648,0.592,0.555,0.326,0.718,1.279,1.305,1.29,1.202,1.052,0.621,0.684,0.557,0.605
2016,6,0.24,0.327,0.154,0.466,0.985,1.246,0.877,0.993,1.639,1.425,0.966,0.978,0.859,0.505,0.55,0.415,0.412
2016,7,0.248,0.37,0.175,0.405,0.758,0.716,0.533,0.822,1.663,1.875,1.867,1.368,1.211,0.778,0.666,0.483,0.488
2016,8,0.378,0.539,0.349,0.542,0.601,0.596,0.277,0.173,0.58,0.824,1.149,1.099,0.833,0.709,0.704,0.554,0.493
2016,9,0.36,0.411,0.249,0.348,0.639,0.474,0.608,0.53,1.077,0.985,0.879,0.85,0.644,0.482,0.53,0.395,0.314
2016,10,0.475,0.552,0.317,0.282,0.366,0.136,-0.004,-0.236,-0.085,-0.326,-0.915,-0.805,-1.249,-0.904,-1.024,-0.673,-0.381
2016,11,0.062,0.284,0.206,0.079,0.449,0.28,0.116,-0.158,-0.145,-0.302,-0.626,-0.764,-0.944,-0.789,-0.648,-0.611,-0.364
2016,12,0.061,0.312,0.184,-0.048,0.254,0.315,0.351,0.101,0.464,0.602,0.288,0.316,0.095,0.173,0.022,0.031,0.046
2017,1,-0.068,0.104,0.026,-0.157,0.04,-0.237,-0.404,-0.37,-0.173,-0.101,-0.479,-0.411,-0.245,-0.126,-0.393,-0.238,-0.312
2017,2,0.266,0.355,0.204,-0.062,0.214,-0.246,-0.442,-0.237,-0.271,-0.325,-0.608,-0.665,-0.282,-0.297,-0.06,-0.29,-0.01
2017,3,0.278,0.403,0.305,0.31,0.777,0.594,0.402,0.259,0.348,0.076,-0.242,-0.297,-0.467,-0.423,-0.475,-0.284,-0.164
2017,4,0.895,0.759,0.588,0.708,0.926,0.799,0.432,0.415,0.574,0.427,-0.01,-0.116,-0.114,-0.18,-0.285,-0.247,-0.122
2017,5,0.54,0.581,0.569,0.81,1.014,1.165,0.964,1.224,1.809,1.684,1.246,1.1,0.978,0.356,0.506,0.294,0.385
2017,6,0.508,0.56,0.447,0.817,0.94,1.291,0.848,0.835,1.551,1.517,1.017,1.073,0.779,0.369,0.423,0.314,0.326
2017,7,0.126,0.287,0.14,0.273,0.714,0.784,0.667,0.709,1.639,2.062,1.793,1.801,1.337,0.989,0.998,0.726,0.662
2017,8,0.491,0.58,0.327,0.48,0.598,0.488,0.368,0.127,0.803,1.059,0.974,1.247,0.946,0.518,0.68,0.621,0.475
2017,9,0.445,0.476,0.324,0.324,0.481,0.378,0.144,0.044,0.455,0.526,0.532,0.591,0.477,0.177,0.323,0.23,0.259
2017,10,0.142,0.278,0.181,0.141,0.505,0.496,0.608,0.566,0.943,0.986,0.557,0.634,0.477,0.239,0.18,0.183,0.218
2017,11,0.245,0.426,0.17,0.024,0.259,-0.021,-0.128,-0.266,-0.22,-0.343,-0.714,-0.778,-0.818,-0.741,-0.784,-0.601,-0.442
2017,12,-0.246,0.123,0.031,-0.349,0.21,0.223,0.253,-0.018,0.362,0.386,0.283,0.253,0.265,0.043,0.109,0.117,0.017
2018,1,0.131,0.321,0.254,0.098,0.23,0.042,-0.152,-0.229,-0.196,-0.276,-0.485,-0.558,-0.707,-0.373,-0.636,-0.564,-0.433
2018,2,-0.026,0.204,0.294,0.165,0.649,0.562,0.781,0.818,1.483,1.22,1.188,0.931,0.91,0.108,0.411,0.122,0.437
2018,3,0.374,0.414,0.321,0.108,0.042,-0.123,-0.196,-0.296,0.075,0.107,0.001,0.059,0.085,0.054,0.037,-0.389,0.068
2018,4,0.808,0.797,0.644,0.959,0.955,0.725,0.447,0.435,0.66,0.345,0.216,0.061,0.009,-0.086,-0.029,-0.178,0.116
2018,5,0.877,0.724,0.712,0.974,1.103,1.21,0.82,1.09,1.843,1.599,1.149,1.23,0.885,0.414,0.602,0.378,0.435
2018,6,0.46,0.496,0.339,0.874,1.189,1.547,1.194,1.418,2.58,2.253,1.354,1.283,0.886,0.4,0.439,0.271,0.205
2018,7,0.079,0.249,0.129,0.389,0.696,0.733,0.607,0.412,1.334,1.588,1.509,1.56,1.341,0.758,0.805,0.661,0.568
2018,8,0.277,0.462,0.298,0.557,0.736,0.648,0.504,0.402,1.504,1.413,0.965,0.852,0.766,0.448,0.541,0.431,0.447
2018,9,0.359,0.493,0.303,0.603,1.001,1.016,0.868,0.753,1.448,1.512,1.003,1.012,0.49,0.406,0.4,0.364,0.262
2018,10,-0.038,0.168,0.001,0.053,0.623,0.551,0.505,0.478,0.637,0.516,0.54,0.473,0.364,0.149,0.159,0.056,0.079
2018,11,-0.066,0.147,0.058,-0.121,0.153,-0.108,-0.019,-0.075,0.401,0.351,0.165,0.254,0.107,-0.089,-0.094,-0.127,-0.13
2018,12,0.214,0.319,0.335,0.378,0.688,0.378,0.497,0.22,0.188,0.242,-0.227,-0.41,-0.541,-0.544,-0.61,-0.473,-0.358
2019,1,-0.073,0.119,0.003,-0.268,-0.147,-0.431,-0.62,-0.65,-0.839,-0.552,-0.919,-0.688,-0.634,-0.475,-0.337,-0.377,-0.269
2019,2,0.089,0.308,0.32,0.203,0.614,0.274,-0.024,0.112,0.434,0.428,0.11,0.06,0.22,0.061,0.226,0.015,0.379
2019,3,0.392,0.434,0.3,0.274,0.515,0.224,0.121,0.037,0.187,0.143,-0.013,0.05,0.046,-0.038,0.13,0.073,0.035
2019,4,0.428,0.464,0.373,0.561,0.902,0.923,0.796,0.906,1.366,1.662,1.143,0.982,0.762,0.227,0.224,0.119,0.201
2019,5,0.589,0.569,0.596,0.777,0.72,0.691,0.378,0.489,0.829,0.712,0.614,0.925,0.766,0.455,0.55,0.46,0.493
2019,6,0.305,0.383,0.141,0.376,0.638,0.698,0.741,0.848,1.861,2.045,1.781,1.594,1.187,0.621,0.754,0.542,0.533
2019,7,0.413,0.55,0.359,0.767,1.026,1.238,1.013,1.015,1.929,1.955,1.221,1.156,0.837,0.479,0.421,0.276,0.248
2019,8,0.495,0.634,0.472,0.689,0.791,0.753,0.575,0.199,1.016,1.215,0.96,0.762,0.729,0.441,0.488,0.384,0.279
2019,9,0.31,0.35,0.268,0.516,0.843,0.864,0.623,0.613,1.465,1.178,0.795,0.68,0.496,0.28,0.205,0.228,0.2
2019,10,0.163,0.267,0.098,0.128,0.525,0.548,0.513,0.236,1.116,0.762,0.699,0.8,0.882,0.297,0.323,0.171,0.146
2019,11,-0.121,0.073,0.039,-0.053,0.293,0.286,0.376,0.234,0.593,0.542,0.388,0.298,0.481,0.491,0.456,0.331,0.175
2019,12,-0.001,0.144,0.046,-0.215,-0.042,-0.336,-0.582,-0.562,-0.482,-0.614,-0.947,-0.79,-0.65,-0.399,-0.343,-0.246,-0.216
2020,1,-0.018,0.22,0.138,0.318,0.87,0.595,0.275,0.005,0.221,0.009,-0.286,-0.204,-0.85,-0.618,-0.993,-0.425,-0.324
2020,2,-0.099,0.166,0.063,0.032,0.559,0.63,0.734,0.995,1.539,1.504,1.529,1.115,1.045,0.14,0.216,0.036,0.263
2020,3,0.135,0.19,0.192,-0.021,0.103,-0.11,-0.028,-0.011,0.565,0.596,0.389,0.358,0.312,0.139,0.26,0.17,0.181
2020,4,0.284,0.31,0.249,0.565,1.043,1.09,0.84,0.515,0.846,0.692,0.585,0.599,0.587,0.318,0.396,0.312,0.267
2020,5,0.659,0.629,0.478,0.748,0.783,0.871,0.615,0.496,1.011,0.841,0.355,0.388,0.273,0.102,0.15,0.142,0.188
2020,6,0.472,0.465,0.311,0.587,0.779,0.97,0.906,0.757,1.829,1.792,1.304,1.119,0.876,0.413,0.467,0.34,0.351
2020,7,0.611,0.672,0.376,0.753,0.745,0.742,0.74,0.417,1.261,2.069,1.454,1.746,1.363,0.443,0.771,0.589,0.534
2020,8,0.364,0.516,0.329,0.49,0.664,0.744,0.528,0.485,1.663,1.707,1.599,1.684,1.074,0.446,0.575,0.474,0.442
2020,9,0.181,0.288,0.111,0.188,0.566,0.679,0.413,0.079,0.493,0.034,-0.078,0.131,0.123,0.067,0.066,0.151,0.025
2020,10,0.172,0.197,0.036,-0.047,0.15,0.127,0.308,0.219,1.153,1.437,1.371,1.292,1.006,0.44,0.347,0.245,0.177
2020,11,0.142,0.311,0.233,0.343,0.977,0.734,0.52,0.296,0.613,0.438,0.039,-0.132,-0.151,-0.238,-0.22,-0.055,0.093
2020,12,-0.084,0.142,0.048,0.02,0.539,0.315,0.175,0.108,0.361,0.14,-0.041,-0.04,-0.137,-0.258,-0.326,-0.11,-0.129
2021,1,0.029,0.173,0.188,0.148,0.528,0.388,0.364,0.082,0.253,0.147,-0.401,-0.455,-0.358,-0.293,-0.523,-0.26,-0.184
2021,2,0.424,0.54,0.425,0.526,0.858,0.83,0.777,0.925,1.153,1.132,0.666,0.397,0.176,0.031,0.015,0.16,0.293
2021,3,0.324,0.418,0.477,0.482,0.868,0.453,0.473,0.235,1.029,0.819,0.616,0.493,0.186,-0.064,-0.039,0.06,0.076
2021,4,0.535,0.544,0.459,0.82,1.049,1.073,0.597,0.672,1.688,1.262,1.114,1.08,0.891,0.514,0.55,0.409,0.28
2021,5,0.527,0.502,0.553,1.042,1.465,1.752,1.528,1.47,2.529,2.004,1.427,1.377,0.949,0.521,0.52,0.442,0.392
2021,6,0.37,0.517,0.368,0.65,0.728,0.791,0.467,0.306,1.165,0.952,0.741,0.799,0.777,0.163,0.373,0.288,0.28
2021,7,0.234,0.411,0.282,0.555,0.686,0.72,0.593,0.761,2.016,2.315,1.605,2.028,1.81,0.774,0.935,0.748,0.715
2021,8,0.146,0.354,0.205,0.331,0.425,0.521,0.533,0.537,1.455,1.67,1.73,1.788,1.225,0.539,0.616,0.572,0.567
2021,9,0.324,0.369,0.123,0.222,0.497,0.567,0.638,0.461,0.856,0.885,1.07,1.173,0.789,0.313,0.31,0.202,0.163
2021,10,0.41,0.403,0.252,0.26,0.419,0.283,0.221,0.035,0.31,0.381,0.023,0.036,-0.181,-0.231,-0.369,-0.257,-0.125
2021,11,0.101,0.225,0.044,-0.041,0.322,0.282,0.152,-0.162,0.049,0.048,0.034,-0.148,-0.178,-0.432,-0.295,-0.386,-0.165
2021,12,-0.063,0.09,0.006,-0.063,0.027,-0.109,-0.063,-0.155,-0.303,-0.301,-0.397,-0.306,-0.156,-0.127,-0.094,0.099,0.353
2022,1,-0.21,0.08,-0.058,-0.176,0.082,0.047,0.081,-0.411,-0.19,-0.084,-0.027,-0.201,-0.195,-0.433,-0.199,-0.146,0.001
2022,2,-0.015,0.179,0.171,0.069,0.388,0.539,0.548,0.412,0.855,1.094,0.947,0.839,0.977,0.139,0.306,0.158,0.226
2022,3,0.232,0.349,0.366,0.532,0.894,0.793,0.735,0.628,0.767,0.577,0.357,0.386,0.442,-0.02,0.023,-0.046,-0.009
2022,4,0.766,0.702,0.662,1.115,1.431,1.469,1.109,1.098,1.472,0.864,0.497,0.249,0.099,-0.144,0.01,-0.035,-0
2022,5,0.667,0.616,0.556,1.055,1.425,1.543,1.498,1.324,1.969,1.092,0.742,0.561,0.402,0.193,0.134,0.119,0.115
2022,6,0.287,0.336,0.228,0.592,0.927,1.026,0.815,0.516,1.325,1.072,0.762,0.842,0.448,0.244,0.232,0.137,0.207
2022,7,0.488,0.577,0.395,0.76,0.791,0.758,0.549,0.337,1.101,1.181,0.935,1.062,0.962,0.623,0.699,0.573,0.421
2022,8,0.213,0.39,0.25,0.53,0.792,0.658,0.566,0.368,1.214,1.017,0.729,0.855,0.548,0.308,0.395,0.5,0.367
2022,9,0.27,0.406,0.233,0.356,0.512,0.534,0.393,0.271,0.697,0.707,0.46,0.652,0.473,0.31,0.326,0.354,0.225
2022,10,0.08,0.234,0.082,0.276,0.715,0.624,0.557,0.553,0.72,0.747,0.452,0.586,0.423,0.214,0.357,0.325,0.255
2022,11,0.127,0.261,0.185,0.105,0.367,0.2,0.204,-0.017,0.205,0.162,0.181,0.081,-0.022,-0.006,-0.004,-0.016,0.036
2022,12,-0.028,0.139,0.033,-0.162,0.062,-0.154,-0.165,-0.419,-0.369,-0.578,-0.867,-0.965,-0.907,-0.421,-0.509,-0.304,-0.195
2023,1,-0.213,0.03,0.005,-0.217,-0.13,-0.194,-0.415,-0.359,-0.381,-0.529,-0.944,-0.981,-0.876,-0.843,-0.439,-0.557,-0.253
2023,2,-0.023,0.17,0.197,0.016,0.544,0.29,0.347,0.469,0.686,0.885,0.492,0.356,0.391,-0.001,0.198,0.124,0.296
2023,3,0.57,0.485,0.377,0.277,0.487,0.313,0.057,0.129,0.117,0.038,-0.153,-0.163,-0.133,-0.066,0.046,-0.066,0.267
2023,4,0.78,0.764,0.703,1.09,1.631,1.312,0.88,0.867,0.789,0.455,0.216,0.055,0.024,-0.186,-0.165,-0.314,0.1
2023,5,0.494,0.513,0.358,0.607,0.691,0.707,0.299,0.566,1.072,1.137,0.952,0.949,0.828,0.507,0.55,0.429,0.531
2023,6,0.763,0.718,0.449,0.755,0.671,0.714,0.575,0.561,1.473,1.394,1.373,1.351,1.146,0.684,0.71,0.665,0.584
2023,7,0.328,0.485,0.27,0.649,0.893,1.207,0.982,0.832,1.718,1.265,1.177,1.409,0.859,0.689,0.537,0.554,0.455
2023,8,0.345,0.525,0.313,0.513,0.702,0.613,0.602,0.525,1.133,1.077,0.869,0.83,0.863,0.525,0.604,0.58,0.476
2023,9,0.613,0.579,0.342,0.57,0.726,0.494,0.436,0.34,0.91,0.733,0.543,0.475,0.128,0.152,0.009,0.133,0.035
2023,10,0.426,0.556,0.418,0.505,0.565,0.472,0.306,0.162,0.534,0.482,0.32,0.392,0.255,0.153,0.12,0.091,0.019
2023,11,-0.156,0.122,0.007,-0.194,-0.145,-0.163,-0.156,-0.445,-0.213,-0.091,0.013,0,-0.067,0.058,-0,-0.035,-0.019
2023,12,-0.181,0.079,-0.06,-0.08,0.167,0.056,-0.195,-0.469,-0.592,-0.579,-0.841,-0.896,-1.057,-0.67,-0.441,-0.524,-0.044
2024,1,0.059,0.282,0.252,0.096,0.356,0.154,-0.18,-0.179,-0.445,-0.501,-0.976,-0.727,-1.063,-0.514,-0.389,-0.569,0.112
2024,2,0.041,0.122,0.056,-0.12,-0.124,-0.225,-0.392,-0.193,-0.221,-0.208,-0.475,-0.642,-0.624,-0.613,-0.073,-0.425,0.073
2024,3,0.431,0.41,0.424,0.313,0.454,0.243,0.063,-0.038,0.132,0.07,-0.033,-0.071,-0.212,-0.18,-0.238,-0.171,0.108
2024,4,0.511,0.509,0.438,0.661,1.072,0.988,0.693,0.697,0.981,0.857,0.875,0.922,0.752,0.403,0.416,0.344,0.341
2024,5,0.755,0.651,0.442,0.894,1.129,1.247,1.118,1.064,2.009,1.781,1.63,1.527,1.159,0.419,0.59,0.366,0.434
2024,6,0.401,0.46,0.281,0.73,1.052,1.288,1.154,1.102,2.013,2.177,1.231,1.405,1.101,0.434,0.455,0.302,0.319
2024,7,0.392,0.551,0.326,0.597,0.639,0.633,0.498,0.565,1.143,1.495,1.337,1.292,0.952,0.692,0.69,0.499,0.534
2024,8,0.607,0.507,0.326,0.539,1.329,0.841,0.861,0.762,1.188,0.851,0.652,0.97,0.549,0.423,0.177,0.357,0.065
2024,9,0.78,0.67,0.486,0.646,1.021,0.55,0.746,0.625,1.364,1.393,1.055,1.228,0.804,0.62,0.375,0.41,0.112
2024,10,0.351,0.283,0.333,0.643,1.133,0.748,0.766,0.86,1.191,0.731,0.512,0.358,0.086,-0.078,0.035,0.063,-0.113
2024,11,0.475,0.434,0.58,0.784,0.902,0.491,0.497,0.76,0.728,0.34,-0.142,-0.11,-0.509,-0.83,-0.528,-0.278,-0.391
2024,12,0.527,0.383,0.439,0.646,0.924,0.355,0.185,0.591,0.451,0.111,-0.676,-0.162,-0.92,-0.913,-1.362,0.393,-0.844
2025,1,0.598,0.337,0.348,0.491,0.904,0.647,0.612,0.705,1.337,1.304,1.044,1.388,0.319,-0.087,0.089,0.563,-0.267
2025,2,1.052,0.461,0.377,0.829,1.219,0.64,0.599,0.945,1.094,0.638,0.179,0.02,-0.373,-0.317,-0.546,-0.029,-0.481
2025,3,0.867,0.702,0.542,0.964,1.461,0.809,0.812,1.101,1.167,0.616,0.034,0.188,-0.205,-0.421,-0.307,-0.095,-0.269
2025,4,0.682,0.576,0.672,0.92,1.424,1.208,0.996,1.437,2.089,2.03,1.484,1.667,0.99,0.781,0.398,0.668,0.132
2025,5,0.823,0.542,0.661,1.092,2.243,1.979,1.757,1.598,2.058,1.618,0.965,1.064,0.683,0.198,0.176,0.338,0.028
2025,6,0.824,0.62,0.399,0.971,1.842,1.418,1.406,1.089,2.394,1.622,1.315,1.328,1.238,0.94,0.652,0.722,0.3
2025,7,0.815,0.649,0.555,0.392,0.459,0.482,1.031,0.147,1.569,1.083,0.635,0.888,0.699,0.869,0.401,0.621,0.209
2025,8,0.651,0.574,0.418,0.664,1.273,0.92,0.899,0.926,1.291,0.887,0.778,0.451,0.423,0.437,0.215,0.404,0.13
2025,9,0.727,0.617,0.495,0.469,0.888,0.605,0.454,0.658,1.392,0.954,0.494,0.573,0.391,0.293,0.176,0.355,0.004
2025,10,0.731,0.514,0.43,0.773,1.227,0.807,0.796,0.911,1.286,0.993,0.505,0.585,0.206,0.165,0.024,0.211,0.022
2025,11,0.048,0.039,0.059,0.274,0.815,0.439,0.358,0.425,0.57,0.347,-0.266,-0.08,-0.427,-0.336,-0.379,-0.013,-0.394
2025,12,0.362,0.345,0.166,0.262,0.779,0.252,0.247,0.313,0.545,0.536,0.195,0.027,-0.118,-0.115,-0.47,0.117,-0.454
2026,1,0.184,0.17,0.113,0.153,0.818,0.423,0.375,0.192,0.408,0.189,-0.282,0.336,-0.217,-0.164,-0.519,0.226,-0.457
2026,2,0.65,0.236,0.207,0.357,0.794,0.589,0.505,0.526,0.734,0.457,-0.248,0.054,-0.219,0.222,-0.01,0.286,-0.145
2026,3,0.485,0.467,0.515,0.502,1.301,1.428,1.349,1.675,1.902,1.959,1.431,1.228,0.82,0.271,0.19,0.316,-0.052
2026,4,1.099,0.81,0.856,1,1.109,1.058,0.839,0.602,0.788,0.691,0.522,0.805,0.542,0.269,0.309,0.443,0.228
2026,5,0.954,0.643,0.866,0.973,1.532,1.496,2.054,1.949,2.232,2.506,1.984,1.514,0.953,0.468,0.579,0.656,0.335
2026,6,1.262,0.697,0.697,0.737,1.065,1.031,1.272,1.272,1.874,1.658,1.686,1.977,1.057,0.895,0.543,0.771,0.355
